SCHOOLYEAR,CLASSLOCALID,COURSEID,COURSENAME,COURSESUBJECT,CLASSNAME,CLASSDESCRIPTION,CLASSPERIOD,ORGANIZATIONTYPEID,ORGANIZATIONID,GRADE,TERMID,HMHAPPLICATIONS
2020,261_32,416950,Anat/Phy CP,,Goodale_2_Anat/Phy CP,,2,MDR,5346122,12,,ED
2020,462_32,416950,Anat/Phy CP,,Goodale_4_Anat/Phy CP,,4,MDR,5346122,12,,ED
2020,210_31,416400,AP Biology,,Bruffey_1_AP Biology,,1,MDR,127309,12,,ED
2020,154_32,416400,AP Biology,,Rottenborn_1_AP Biology,,1,MDR,5346122,12,,ED
2020,632_31,416400,AP Biology,,Bruffey_3_AP Biology,,3,MDR,127309,12,,ED
2020,354_32,416700,AP Env Sci,,Carothers_3_AP Env Sci,,3,MDR,5346122,12,,ED
2020,138_32,413450,Bio CP/Agr,,Devaurs_5_Bio CP/Agr (Fall),,5,MDR,5346122,12,,ED
2020,660_32,413450,Bio CP/Agr,,Devaurs_6_Bio CP/Agr,,6,MDR,5346122,12,,ED
2020,650_32,413450,Bio CP/Agr,,Devaurs_6_Bio CP/Agr (Fall),,6,MDR,5346122,12,,ED
2020,572_32,413450,Bio CP/Agr,,Devaurs_5_Bio CP/Agr,,5,MDR,5346122,12,,ED
2020,471_32,413450,Bio CP/Agr,,Devaurs_4_Bio CP/Agr,,4,MDR,5346122,12,,ED
2020,457_32,413450,Bio CP/Agr,,Devaurs_4_Bio CP/Agr (Fall),,4,MDR,5346122,12,,ED
2020,472_32,919920,Biology,,Ware_4_Biology,,4,MDR,5346122,12,,ED
2020,203_30,413400,Biology CP,,Gilford_6_Biology CP,,6,MDR,127282,12,,ED
2020,662_32,413400,Biology CP,,Rottenborn_6_Biology CP,,6,MDR,5346122,12,,ED
2020,661_32,413400,Biology CP,,Carothers_6_Biology CP,,6,MDR,5346122,12,,ED
2020,574_32,413400,Biology CP,,Carothers_5_Biology CP,,5,MDR,5346122,12,,ED
2020,573_32,413400,Biology CP,,Goodale_5_Biology CP,,5,MDR,5346122,12,,ED
2020,473_32,413400,Biology CP,,Rottenborn_4_Biology CP,,4,MDR,5346122,12,,ED
2020,356_32,413400,Biology CP,,Goodale_3_Biology CP,,3,MDR,5346122,12,,ED
2020,271_32,413400,Biology CP,,Carothers_2_Biology CP,,2,MDR,5346122,12,,ED
2020,270_32,413400,Biology CP,,Rottenborn_2_Biology CP,,2,MDR,5346122,12,,ED
2020,164_32,413400,Biology CP,,Carothers_1_Biology CP,,1,MDR,5346122,12,,ED
2020,163_32,413400,Biology CP,,Goodale_1_Biology CP,,1,MDR,5346122,12,,ED
2020,1144_31,413400,Biology CP,,Nagy_3_Biology CP,,3,MDR,127309,12,,ED
2020,570_31,413400,Biology CP,,O'Neall_2_Biology CP,,2,MDR,127309,12,,ED
2020,49_31,413400,Biology CP,,Bruffey_6_Biology CP,,6,MDR,127309,12,,ED
2020,48_31,413400,Biology CP,,Nagy_4_Biology CP,,4,MDR,127309,12,,ED
2020,47_31,413400,Biology CP,,Nagy_5_Biology CP,,5,MDR,127309,12,,ED
2020,402_30,413400,Biology CP,,Gilford_2_Biology CP,,2,MDR,127282,12,,ED
2020,301_30,413400,Biology CP,,Gilford_3_Biology CP,,3,MDR,127282,12,,ED
2020,22_15,E00600,Elem 6,,Wickham_1_Elem 6,,1,MDR,1876802,6,,ED
2020,3_15,E00700,Elem 7,,Van Holt_1_Elem 7,,1,MDR,1876802,8,,ED
2020,145_10,422050,Intro Life Sci,,Deering_1_Intro Life Sci,,1,MDR,127361,7,,ED
2020,660_21,422050,Intro Life Sci,,Simpson_6_Intro Life Sci,,6,MDR,1877105,8,,ED
2020,550_21,422050,Intro Life Sci,,Simpson_5_Intro Life Sci,,5,MDR,1877105,8,,ED
2020,452_21,422050,Intro Life Sci,,Simpson_4_Intro Life Sci,,4,MDR,1877105,8,,ED
2020,353_21,422050,Intro Life Sci,,Page_3_Intro Life Sci,,3,MDR,1877105,8,,ED
2020,262_21,422050,Intro Life Sci,,Page_2_Intro Life Sci,,2,MDR,1877105,8,,ED
2020,261_21,422050,Intro Life Sci,,Simpson_2_Intro Life Sci,,2,MDR,1877105,8,,ED
2020,164_21,422050,Intro Life Sci,,Simpson_1_Intro Life Sci,,1,MDR,1877105,8,,ED
2020,443_20,422050,Intro Life Sci,,Miller_5_Intro Life Sci,,5,MDR,1400348,8,,ED
2020,338_20,422050,Intro Life Sci,,Waddington_3_Intro Life Sci,,3,MDR,1400348,8,,ED
2020,337_20,422050,Intro Life Sci,,Miller_4_Intro Life Sci,,4,MDR,1400348,8,,ED
2020,242_20,422050,Intro Life Sci,,Miller_2_Intro Life Sci,,2,MDR,1400348,8,,ED
2020,241_20,422050,Intro Life Sci,,Waddington_4_Intro Life Sci,,4,MDR,1400348,8,,ED
2020,240_20,422050,Intro Life Sci,,Miller_3_Intro Life Sci,,3,MDR,1400348,8,,ED
2020,126_20,422050,Intro Life Sci,,Miller_6_Intro Life Sci,,6,MDR,1400348,8,,ED
2020,600_15,422050,Intro Life Sci,,Van Holt_6_Intro Life Sci,,6,MDR,1876802,7,,ED
2020,409_15,422050,Intro Life Sci,,Van Holt_4_Intro Life Sci,,4,MDR,1876802,7,,ED
2020,229_10,422050,Intro Life Sci,,Deering_2_Intro Life Sci,,2,MDR,127361,7,,ED
2020,230_10,422200,Intro Phys Sci ,,Deering_2_Intro Phys Sci ,,2,MDR,127361,8,,ED
2020,659_21,422200,Intro Phys Sci ,,Page_6_Intro Phys Sci ,,6,MDR,1877105,8,,ED
2020,652_21,422200,Intro Phys Sci ,,Resnick_6_Intro Phys Sci ,,6,MDR,1877105,8,,ED
2020,543_21,422200,Intro Phys Sci ,,Resnick_1_Intro Phys Sci ,,1,MDR,1877105,8,,ED
2020,453_21,422200,Intro Phys Sci ,,Page_4_Intro Phys Sci ,,4,MDR,1877105,8,,ED
2020,347_21,422200,Intro Phys Sci ,,Resnick_3_Intro Phys Sci ,,3,MDR,1877105,8,,ED
2020,256_21,422200,Intro Phys Sci ,,Resnick_2_Intro Phys Sci ,,2,MDR,1877105,8,,ED
2020,163_21,422200,Intro Phys Sci ,,Page_1_Intro Phys Sci ,,1,MDR,1877105,8,,ED
2020,635_20,422200,Intro Phys Sci ,,Stock_5_Intro Phys Sci ,,5,MDR,1400348,8,,ED
2020,447_20,422200,Intro Phys Sci ,,Stock_4_Intro Phys Sci ,,4,MDR,1400348,8,,ED
2020,446_20,422200,Intro Phys Sci ,,Levis_4_Intro Phys Sci ,,4,MDR,1400348,8,,ED
2020,344_20,422200,Intro Phys Sci ,,Stock_3_Intro Phys Sci ,,3,MDR,1400348,8,,ED
2020,343_20,422200,Intro Phys Sci ,,Levis_3_Intro Phys Sci ,,3,MDR,1400348,8,,ED
2020,248_20,422200,Intro Phys Sci ,,Stock_2_Intro Phys Sci ,,2,MDR,1400348,8,,ED
2020,247_20,422200,Intro Phys Sci ,,Levis_2_Intro Phys Sci ,,2,MDR,1400348,8,,ED
2020,602_15,422200,Intro Phys Sci ,,DeCarlo_6_Intro Phys Sci ,,6,MDR,1876802,8,,ED
2020,412_15,422200,Intro Phys Sci ,,DeCarlo_4_Intro Phys Sci ,,4,MDR,1876802,8,,ED
2020,202_15,422200,Intro Phys Sci ,,DeCarlo_2_Intro Phys Sci ,,2,MDR,1876802,8,,ED
2020,531_10,422200,Intro Phys Sci ,,Deering_5_Intro Phys Sci ,,5,MDR,127361,8,,ED
2020,419_10,422010,Sci 6,,Deering_4_Sci 6,,4,MDR,127361,6,,ED
2020,679_21,422010,Sci 6,,Hernandez_3_Sci 6,,3,MDR,1877105,6,,ED
2020,671_21,422010,Sci 6,,Strich_6_Sci 6,,6,MDR,1877105,6,,ED
2020,668_21,422010,Sci 6,,Levitt_3_Sci 6,,3,MDR,1877105,6,,ED
2020,662_21,422010,Sci 6,,Martinez_6_Sci 6,,6,MDR,1877105,6,,ED
2020,562_21,422010,Sci 6,,Hernandez_4_Sci 6,,4,MDR,1877105,6,,ED
2020,462_21,422010,Sci 6,,Strich_4_Sci 6,,4,MDR,1877105,6,,ED
2020,461_21,422010,Sci 6,,Levitt_5_Sci 6,,5,MDR,1877105,6,,ED
2020,357_21,422010,Sci 6,,Martinez_2_Sci 6,,2,MDR,1877105,6,,ED
2020,623_20,422010,Sci 6,,Waddington_6_Sci 6,,6,MDR,1400348,6,,ED
2020,622_20,422010,Sci 6,,Parker_6_Sci 6,,6,MDR,1400348,6,,ED
2020,621_20,422010,Sci 6,,Murrish_6_Sci 6,,6,MDR,1400348,6,,ED
2020,620_20,422010,Sci 6,,Romero_6_Sci 6,,6,MDR,1400348,6,,ED
2020,434_20,422010,Sci 6,,Romero_4_Sci 6,,4,MDR,1400348,6,,ED
2020,430_20,422010,Sci 6,,Parker_4_Sci 6,,4,MDR,1400348,6,,ED
2020,429_20,422010,Sci 6,,Murrish_4_Sci 6,,4,MDR,1400348,6,,ED
2020,416_15,422010,Sci 6,,Wickham_4_Sci 6,,4,MDR,1876802,6,,ED
2020,207_15,422010,Sci 6,,Wickham_2_Sci 6,,2,MDR,1876802,6,,ED
2020,609_10,422010,Sci 6,,Deering_6_Sci 6,,6,MDR,127361,6,,ED
2020,532_10,422010,Sci 6,,Valenzuela_5_Sci 6,,5,MDR,127361,6,,ED
2020,325_31,919440,Sci Skills,,Toomay_2_Sci Skills,,2,MDR,127309,12,,ED
2020,204_30,415500,Soil Chem,,Gilford_6_Soil Chem,,6,MDR,127282,12,,ED
2020,403_30,415500,Soil Chem,,Gilford_2_Soil Chem,,2,MDR,127282,12,,ED
2020,302_30,415500,Soil Chem,,Gilford_3_Soil Chem,,3,MDR,127282,12,,ED
2020,23_15,E00700,Elem 7,,Mankovsky_1_Elem 7,,1,MDR,1876802,8,,ED
2020,46_15,E00700,Elem 7,,Gillispie_1_Elem 7,,1,MDR,1876802,8,,ED
